{
	"info": {
		"_postman_id": "018796e4-3bc8-4d0f-a86b-637c98088941",
		"name": "family-tree",
		"schema": "https://schema.getpostman.com/json/collection/v2.1.0/collection.json",
		"_exporter_id": "15203957"
	},
	"item": [
		{
			"name": "login user",
			"request": {
				"method": "POST",
				"header": [
					{
						"key": "accesstoken",
						"value": "eyJhbGciOiJIUzI1NiIsInR5cCI6IkpXVCJ9.eyJ1c2VyX2lkIjoxLCJ0eXBlIjoiQWRtaW4iLCJpYXQiOjE3MjAyNDgwMTN9.zvBqwAcgtGV4a3-s7Qx1ymZUeksBw5sxSPqblLQG_-4",
						"type": "text"
					}
				],
				"body": {
					"mode": "raw",
					"raw": "{\r\n    \"email\":\"john.deo@gmail.com\",\r\n    \"password\":\"123456789\"\r\n}",
					"options": {
						"raw": {
							"language": "json"
						}
					}
				},
				"url": {
					"raw": "http://100.25.208.232:3001/api/user/login",
					"protocol": "http",
					"host": [
						"100",
						"25",
						"208",
						"232"
					],
					"port": "3001",
					"path": [
						"api",
						"user",
						"login"
					]
				}
			},
			"response": []
		},
		{
			"name": "signup",
			"request": {
				"method": "POST",
				"header": [
					{
						"key": "accesstoken",
						"value": "eyJhbGciOiJIUzI1NiIsInR5cCI6IkpXVCJ9.eyJ1c2VyX2lkIjoxLCJ0eXBlIjoiQWRtaW4iLCJpYXQiOjE3MjAyNDgwMTN9.zvBqwAcgtGV4a3-s7Qx1ymZUeksBw5sxSPqblLQG_-4",
						"type": "text"
					}
				],
				"body": {
					"mode": "formdata",
					"formdata": [
						{
							"key": "image",
							"type": "file",
							"src": "/C:/Users/Lenovo/Downloads/AdminLTE-3/AdminLTE-3/dist/img/avatar.png"
						},
						{
							"key": "firstName",
							"value": "susmita",
							"type": "text"
						},
						{
							"key": "lastName",
							"value": "padhi",
							"type": "text"
						},
						{
							"key": "gender",
							"value": "F",
							"description": "'M', 'F', 'O'",
							"type": "text"
						},
						{
							"key": "birthDate",
							"value": "05-05-1981",
							"type": "text"
						},
						{
							"key": "password",
							"value": "test@123",
							"type": "text"
						},
						{
							"key": "treeName",
							"value": "padhi",
							"type": "text"
						},
						{
							"key": "legacyName",
							"value": "susmita",
							"type": "text"
						},
						{
							"key": "legacyEmail",
							"value": "susmita@gmail.com",
							"type": "text"
						},
						{
							"key": "email",
							"value": "susmitapadhi@gmail.com",
							"type": "text"
						},
						{
							"key": "website",
							"value": "",
							"type": "text",
							"disabled": true
						},
						{
							"key": "blog",
							"value": "",
							"type": "text",
							"disabled": true
						},
						{
							"key": "homePhone",
							"value": "",
							"type": "text",
							"disabled": true
						},
						{
							"key": "workPhone",
							"value": "",
							"type": "text",
							"disabled": true
						},
						{
							"key": "mobile",
							"value": "9999090",
							"type": "text",
							"disabled": true
						},
						{
							"key": "address",
							"value": "",
							"type": "text",
							"disabled": true
						},
						{
							"key": "birthPlace",
							"value": "",
							"type": "text",
							"disabled": true
						},
						{
							"key": "profession",
							"value": "",
							"type": "text",
							"disabled": true
						},
						{
							"key": "company",
							"value": "",
							"type": "text",
							"disabled": true
						},
						{
							"key": "interests",
							"value": "",
							"type": "text",
							"disabled": true
						},
						{
							"key": "activities",
							"value": "",
							"type": "text",
							"disabled": true
						},
						{
							"key": "bioNotes",
							"value": "",
							"type": "text",
							"disabled": true
						}
					]
				},
				"url": {
					"raw": "http://100.25.208.232:3001/api/user/signup",
					"protocol": "http",
					"host": [
						"100",
						"25",
						"208",
						"232"
					],
					"port": "3001",
					"path": [
						"api",
						"user",
						"signup"
					]
				}
			},
			"response": []
		},
		{
			"name": "getTreeDetails",
			"request": {
				"method": "POST",
				"header": [
					{
						"key": "accesstoken",
						"value": "eyJhbGciOiJIUzI1NiIsInR5cCI6IkpXVCJ9.eyJ1c2VyX2lkIjozOSwidHlwZSI6InVzZXIiLCJpYXQiOjE3MjcwODg3MzF9.XyWTMQCdtNIQ6YhrSsKmIqt6aQ_k3WFMU1HSUs4yFTo",
						"type": "text"
					}
				],
				"body": {
					"mode": "raw",
					"raw": "",
					"options": {
						"raw": {
							"language": "json"
						}
					}
				},
				"url": {
					"raw": "http://100.25.208.232:3001/api/family-tree/getTreeDetails",
					"protocol": "http",
					"host": [
						"100",
						"25",
						"208",
						"232"
					],
					"port": "3001",
					"path": [
						"api",
						"family-tree",
						"getTreeDetails"
					]
				}
			},
			"response": []
		},
		{
			"name": "Create Member",
			"request": {
				"method": "POST",
				"header": [
					{
						"key": "accesstoken",
						"value": "eyJhbGciOiJIUzI1NiIsInR5cCI6IkpXVCJ9.eyJ1c2VyX2lkIjoxLCJ0eXBlIjoidXNlciIsImlhdCI6MTcyMjE3ODk0MX0.PgVvfcY4ZBSGsYPTwO3S-80L5iS25r4Cpn49kdwC58I",
						"type": "text"
					}
				],
				"body": {
					"mode": "formdata",
					"formdata": [
						{
							"key": "firstName",
							"value": "sonu",
							"type": "text"
						},
						{
							"key": "lastName",
							"value": "padhi",
							"type": "text"
						},
						{
							"key": "image",
							"type": "file",
							"src": "/C:/xampp/htdocs/todistry/web/public/images/avatar/avatar-7.jpg"
						},
						{
							"key": "motherId",
							"value": "",
							"description": "if multiple partner of parent",
							"type": "text",
							"disabled": true
						},
						{
							"key": "memberType",
							"value": "Siblings",
							"description": "'Parents','Siblings','Child','Spouse'",
							"type": "text"
						},
						{
							"key": "siblingType",
							"value": "sameParent",
							"description": "'sameParent','diffrentParent'",
							"type": "text"
						},
						{
							"key": "parentId",
							"value": "0",
							"description": "select parent from list",
							"type": "text"
						},
						{
							"key": "birthDate",
							"value": "05-05-1981",
							"type": "text"
						},
						{
							"key": "gender",
							"value": "M",
							"description": "'M', 'F', 'O'",
							"type": "text"
						},
						{
							"key": "email",
							"value": "",
							"type": "text",
							"disabled": true
						},
						{
							"key": "website",
							"value": "",
							"type": "text",
							"disabled": true
						},
						{
							"key": "blog",
							"value": "",
							"type": "text",
							"disabled": true
						},
						{
							"key": "homePhone",
							"value": "",
							"type": "text",
							"disabled": true
						},
						{
							"key": "workPhone",
							"value": "",
							"type": "text",
							"disabled": true
						},
						{
							"key": "mobile",
							"value": "",
							"type": "text",
							"disabled": true
						},
						{
							"key": "address",
							"value": "",
							"type": "text",
							"disabled": true
						},
						{
							"key": "birthPlace",
							"value": "",
							"type": "text",
							"disabled": true
						},
						{
							"key": "profession",
							"value": "",
							"type": "text",
							"disabled": true
						},
						{
							"key": "company",
							"value": "",
							"type": "text",
							"disabled": true
						},
						{
							"key": "interests",
							"value": "",
							"type": "text",
							"disabled": true
						},
						{
							"key": "activities",
							"value": "",
							"type": "text",
							"disabled": true
						},
						{
							"key": "bioNotes",
							"value": "",
							"type": "text",
							"disabled": true
						}
					]
				},
				"url": {
					"raw": "http://100.25.208.232:3001/api/family-tree/create",
					"protocol": "http",
					"host": [
						"100",
						"25",
						"208",
						"232"
					],
					"port": "3001",
					"path": [
						"api",
						"family-tree",
						"create"
					]
				}
			},
			"response": []
		},
		{
			"name": "Update Member",
			"request": {
				"method": "POST",
				"header": [
					{
						"key": "accesstoken",
						"value": "eyJhbGciOiJIUzI1NiIsInR5cCI6IkpXVCJ9.eyJ1c2VyX2lkIjoxLCJ0eXBlIjoidXNlciIsImlhdCI6MTcyMjE3ODk0MX0.PgVvfcY4ZBSGsYPTwO3S-80L5iS25r4Cpn49kdwC58I",
						"type": "text"
					}
				],
				"body": {
					"mode": "formdata",
					"formdata": [
						{
							"key": "id",
							"value": "",
							"description": "member id",
							"type": "text"
						},
						{
							"key": "firstName",
							"value": "sonu",
							"type": "text"
						},
						{
							"key": "lastName",
							"value": "padhi",
							"type": "text"
						},
						{
							"key": "image",
							"type": "file",
							"src": "/C:/xampp/htdocs/todistry/web/public/images/avatar/avatar-7.jpg"
						},
						{
							"key": "birthDate",
							"value": "05-05-1981",
							"type": "text"
						},
						{
							"key": "gender",
							"value": "M",
							"description": "'M', 'F', 'O'",
							"type": "text"
						},
						{
							"key": "email",
							"value": "",
							"type": "text",
							"disabled": true
						},
						{
							"key": "website",
							"value": "",
							"type": "text",
							"disabled": true
						},
						{
							"key": "blog",
							"value": "",
							"type": "text",
							"disabled": true
						},
						{
							"key": "homePhone",
							"value": "",
							"type": "text",
							"disabled": true
						},
						{
							"key": "workPhone",
							"value": "",
							"type": "text",
							"disabled": true
						},
						{
							"key": "mobile",
							"value": "",
							"type": "text",
							"disabled": true
						},
						{
							"key": "address",
							"value": "",
							"type": "text",
							"disabled": true
						},
						{
							"key": "birthPlace",
							"value": "",
							"type": "text",
							"disabled": true
						},
						{
							"key": "profession",
							"value": "",
							"type": "text",
							"disabled": true
						},
						{
							"key": "company",
							"value": "",
							"type": "text",
							"disabled": true
						},
						{
							"key": "interests",
							"value": "",
							"type": "text",
							"disabled": true
						},
						{
							"key": "activities",
							"value": "",
							"type": "text",
							"disabled": true
						},
						{
							"key": "bioNotes",
							"value": "",
							"type": "text",
							"disabled": true
						}
					]
				},
				"url": {
					"raw": "http://100.25.208.232:3001/api/family-tree/update",
					"protocol": "http",
					"host": [
						"100",
						"25",
						"208",
						"232"
					],
					"port": "3001",
					"path": [
						"api",
						"family-tree",
						"update"
					]
				}
			},
			"response": []
		},
		{
			"name": "Member Details",
			"request": {
				"method": "POST",
				"header": [
					{
						"key": "accesstoken",
						"value": "eyJhbGciOiJIUzI1NiIsInR5cCI6IkpXVCJ9.eyJ1c2VyX2lkIjoxLCJ0eXBlIjoidXNlciIsImlhdCI6MTcyMjE3ODk0MX0.PgVvfcY4ZBSGsYPTwO3S-80L5iS25r4Cpn49kdwC58I",
						"type": "text"
					}
				],
				"body": {
					"mode": "raw",
					"raw": "{\r\n    \"id\":\"1\"\r\n}",
					"options": {
						"raw": {
							"language": "json"
						}
					}
				},
				"url": {
					"raw": "http://localhost:3001/api/family-tree/memberDetails",
					"protocol": "http",
					"host": [
						"localhost"
					],
					"port": "3001",
					"path": [
						"api",
						"family-tree",
						"memberDetails"
					]
				}
			},
			"response": []
		},
		{
			"name": "ResetPassword",
			"request": {
				"auth": {
					"type": "noauth"
				},
				"method": "POST",
				"header": [],
				"body": {
					"mode": "raw",
					"raw": "{\r\n    \"email\":\"john.deo@gmail.com\"\r\n}",
					"options": {
						"raw": {
							"language": "json"
						}
					}
				},
				"url": {
					"raw": "http://localhost:3001/api/user/resetPassword",
					"protocol": "http",
					"host": [
						"localhost"
					],
					"port": "3001",
					"path": [
						"api",
						"user",
						"resetPassword"
					]
				}
			},
			"response": []
		},
		{
			"name": "verifyResetPasswordCode",
			"request": {
				"auth": {
					"type": "noauth"
				},
				"method": "POST",
				"header": [],
				"body": {
					"mode": "raw",
					"raw": "{\r\n    \"email\":\"john.deo@gmail.com\",\r\n    \"resetPasswordCode\": \"123456\"\r\n}",
					"options": {
						"raw": {
							"language": "json"
						}
					}
				},
				"url": {
					"raw": "http://localhost:3001/api/user/verifyResetPasswordCode",
					"protocol": "http",
					"host": [
						"localhost"
					],
					"port": "3001",
					"path": [
						"api",
						"user",
						"verifyResetPasswordCode"
					]
				}
			},
			"response": []
		},
		{
			"name": "updatePassword",
			"request": {
				"auth": {
					"type": "noauth"
				},
				"method": "POST",
				"header": [],
				"body": {
					"mode": "raw",
					"raw": "{\r\n    \"id\": 1,\r\n    \"resetPasswordCode\": \"123456\",\r\n    \"password\": \"123456789\"\r\n}",
					"options": {
						"raw": {
							"language": "json"
						}
					}
				},
				"url": {
					"raw": "http://localhost:3001/api/user/updatePassword",
					"protocol": "http",
					"host": [
						"localhost"
					],
					"port": "3001",
					"path": [
						"api",
						"user",
						"updatePassword"
					]
				}
			},
			"response": []
		}
	]
}